{
  "schema_version": "3.0",
  "domain": "domain_4_digital_and_social",
  "features": [
    "age",
    "gender",
    "IAT1",
    "IAT2",
    "IAT3",
    "IAT4",
    "IAT5",
    "IAT6",
    "IAT7",
    "IAT8",
    "IAT9",
    "IAT10",
    "loneliness1",
    "loneliness2",
    "loneliness3",
    "loneliness4",
    "loneliness5",
    "loneliness6"
  ],
  "target": "totalphq",
  "model_type": "RandomForestRegressor",
  "global_importances": {
    "age": 0.04899911122920343,
    "gender": 0.02349020324468781,
    "IAT1": 0.06688712497104973,
    "IAT2": 0.03505802921831995,
    "IAT3": 0.13470410044192307,
    "IAT4": 0.03318786340085494,
    "IAT5": 0.02796183417335337,
    "IAT6": 0.10056796766392638,
    "IAT7": 0.058273221532618644,
    "IAT8": 0.07112618059894196,
    "IAT9": 0.04790201421801176,
    "IAT10": 0.0605977276518944,
    "loneliness1": 0.02388094845540778,
    "loneliness2": 0.04692719642267742,
    "loneliness3": 0.06004127417767782,
    "loneliness4": 0.109645597388978,
    "loneliness5": 0.033059903477252885,
    "loneliness6": 0.017689701733220695
  },
  "clinical_cutoffs": {
    "internet_addiction": {
      "Normal": [
        0,
        30
      ],
      "Mild": [
        31,
        49
      ],
      "Moderate": [
        50,
        79
      ],
      "Severe": [
        80,
        100
      ]
    },
    "loneliness": {
      "Low": [
        20,
        34
      ],
      "Moderate": [
        35,
        49
      ],
      "High": [
        50,
        64
      ],
      "Severe": [
        65,
        80
      ]
    }
  }
}